{
  "project_info": {
    "project_number": "1059594480723",
    "firebase_url": "https://webviewnotification-9e67d.firebaseio.com",
    "project_id": "webviewnotification-9e67d",
    "storage_bucket": "webviewnotification-9e67d.appspot.com"
  },
  "client": [
    {
      "client_info": {
        "mobilesdk_app_id": "1:1059594480723:android:295605e78863c67eb3aaa6",
        "android_client_info": {
          "package_name": "com.example.sjp"
        }
      },
      "oauth_client": [
        {
          "client_id": "1059594480723-je748qmcek1m78gpf6jvuve32ugnbot8.apps.googleusercontent.com",
          "client_type": 3
        }
      ],
      "api_key": [
        {
          "current_key": "AIzaSyAE41wgtWxemEEiCICrhtEJ8A7BXN_4OgU"
        }
      ],
      "services": {
        "appinvite_service": {
          "other_platform_oauth_client": [
            {
              "client_id": "1059594480723-je748qmcek1m78gpf6jvuve32ugnbot8.apps.googleusercontent.com",
              "client_type": 3
            }
          ]
        }
      }
    }
  ],
  "configuration_version": "1"
}